0|Pink Lake Tour|6|Nice|English|10|10|yum-2023-18-3--19-14-22.png
1|Tour Paris|7|Le nice|English|15|10|paris-2023-18-3--19-15-17.png
2|Tour NS|8|Dobar|English|7|10|ftn-2023-18-3--19-16-12.png
3|TourBg|9|Nice|English|10|10|slika-2023-20-3--18-38-02.png
4|AAAA|10|AAAA|AAAA|10|10|slika-2023-27-3--08-51-56.png
5|aa|11|aa|aa|10|10|slika-2023-27-3--16-02-54.png
6|beograd|12|a|english|10|10|Screenshot 2023-03-04 215335-2023-27-3--16-05-27.png,slika-2023-27-3--16-05-27.png
7|aa|14|aa|aa|10|10|slika-2023-27-3--16-23-32.png
8|a|15|aa|a|10|10|slika-2023-27-3--16-52-46.png
9|aa|16|a|a|10|10|slika-2023-27-3--16-53-58.png
